Артикул,Назва,Позначки,Оригінальні  номери
808008,Frenkit 808008 Комплект гильз,Frenkit,"Audi - 542885
Opel - 542882
Opel - 542883
Opel - 542886
Opel - 543331
Opel - 94362820
Opel - 94362821
Opel - 94362823
Opel - 97160821
Opel - 97160823
"
808037,Frenkit 808037 Комплект гильз на BMW 5 (F10) (F11) 2010-2017,Frenkit,
810083,Frenkit 810083 Комплект гильз,Frenkit,"Renault - 7701203713
"
410031,Ert 410031 D7-003C Р/к суппорта,Ert,"Audi - 4D0698647
BMW - 34111153200
BMW - 34111157041
BMW - 34111158200
BMW - 34111166233
BMW - 34116768437
BMW - 34116850971
BMW - 34116850972
BMW - 34216850860
BMW - 34412354195
Chevrolet - 15254670
Daewoo - 11817100081
Ford - 1384687
Ford - 1432360
Ford - 1682877
Ford - 1947983
Ford - 2L527
Ford - 5181351
Ford - 5181355
Ford - 5303800
Ford - 5303801
Ford - 6087586
Ford - 6G912B135AB
Ford - 6G912B135AC
Ford - 7201660
Ford - 81AB2L527AA
Ford - DG9C2B294BA
Ford - DG9C2B302BA
Jaguar - C2C27289
Jaguar - C2C27297
Jaguar - JLM2213
Jaguar - JLM2249
Kia - 0K20A33694
Land Rover - LR000567
Nissan - 411399F500
Opel - 542880
Opel - 542881
Opel - 546310
Opel - 546528
Opel - 90009164
Opel - 90297771
Opel - 9195063
Opel - 93179706
Peugeot - 1610762580
Peugeot - 4401R9
Peugeot - 4404G1
Peugeot - 4404G2
Peugeot - 4404J6
Peugeot - 4404K8
Peugeot - 443933
Porsche - 92835194700
Renault - 440016332R
Renault - 7701049101
Seat - 251615219
Seat - 3A0615125
Seat - 3A0615125A
Seat - 3B0615125
Seat - 4A0615125A
Seat - 4B0615125
Skoda - 251615219
Skoda - 3A0615125
Skoda - 3A0615125A
Skoda - 3B0615125
Skoda - 4A0615125A
Skoda - 4B0615125
Toyota - 0495105010
Volvo - 30665017
Volvo - 30666829
Volvo - 3342541
Volvo - 8602902
Volvo - 8603757
"
811008,Frenkit 811008 Комплект гильз на Infiniti Nissan,Frenkit,
812010,Frenkit 812010 Комплект гильз,Frenkit,"Audi - 2E0698647A
Audi - 2H0698647
Ford - 1433957
Ford - 6C112L527BB
"
824002,Frenkit 824002 Комплект гильз,Frenkit,"Audi - 443698447
Audi - 443698647
Audi - 447698447
Audi - 4D0698647
Audi - 4E0698647
BMW - 34111153195
BMW - 34111157038
BMW - 34211157038
Daewoo - 11010154072
Fiat - 9404439148
Ford - 6087585
Ford - 6186923
Ford - 6669777
Ford - 7201659
Ford - 81AB2L526AA
Ford - 88AB2L526AA
Jaguar - JLM12124
Jaguar - JLM2194
Kia - 0K20A3325Z
Nissan - 411429F525
Opel - 1605658
Opel - 1605747
Opel - 1605905
Opel - 542828
Opel - 90009274
Opel - 90297768
Opel - 90510085
Opel - 90510227
Peugeot - 443914
Porsche - 92835194900
Toyota - 0495105010
Volvo - 271584
Volvo - 30683788
Volvo - 3342535
Volvo - 3344687
"
812001,Frenkit 812001 Комплект гильз,Frenkit,"Audi - 251615219
BMW - 34111153200
BMW - 34111158200
BMW - 34412354195
Chevrolet - 15254670
Daewoo - 11817100081
Ford - 6087586
Ford - 7201660
Ford - 81AB2L527AA
Jaguar - C2C27297
Jaguar - JLM2213
Jaguar - JLM2249
Kia - 0K20A33694
Nissan - 411399F500
Opel - 542880
Opel - 542881
Opel - 90009164
Opel - 90297771
Peugeot - 443933
Porsche - 92835194700
Renault - 7701049101
Renault - 7701206601
Seat - 251615219
Skoda - 251615219
Toyota - 4771505010
Volvo - 30666829
Volvo - 3342541
"
808017,Frenkit 808017 Комплект гильз,Frenkit,
818003,Frenkit 818003 Комплект гильз на Ford Transit '2006-2014 и Iveco Daily IV '2006-2011,Frenkit,
820007,Frenkit 820007 Комплект гильз,Frenkit,
810082,Frenkit 810082 Комплект гильз на Chevrolet Daewoo,Frenkit,"Chevrolet - 93740287
"
810018,Frenkit 810018 Комплект гильз на Hyundai,Frenkit,"Hyundai - 581101C100
Hyundai - 5811025100
Hyundai - 581301C100
Hyundai - 5813025100
Hyundai - 5818022A00
Hyundai - 5818024A00
Hyundai - 5818025A00
Hyundai - 5818122A00
Hyundai - 5818124A00
Hyundai - 5818125A00
"
822002,Frenkit 822002 Комплект гильз на Mercedes Peugeot,Frenkit,"Peugeot - 443912
Peugeot - 443913
Peugeot - 443919
"
812013,Frenkit 812013 Комплект гильз,Frenkit,"Audi - 7D0615143
Audi - 7M3698647A
BMW - 34116757036
BMW - 34116759165
Ford - 1111231
"
814003,Frenkit 814003 Комплект гильз на Mazda,Frenkit,
810091,Frenkit 810091 Комплект гильз на Chrysler Lancia,Frenkit,"Chrysler - 5137608AA
Fiat - K68166698AA
"
410080,Ert 410080 D7-142C Р/к суппорта,Ert,
410182,Ert 410182 D7-180C Р/к суппорта,Ert,"Toyota - 4772247060
Toyota - 4775042091
"
810036,Frenkit 810036 Комплект гильз на Toyota Corolla (E120) (E130) '2000-2007,Frenkit,"Toyota - 0495202030
"
ST1160,Trw ST1160 Р/к суппорта,Trw,"Audi - 3D0698470
Audi - 8E0698470
Seat - 3D0698470
Seat - 8E0698470
Skoda - 3D0698470
Skoda - 8E0698470
"
810078,Frenkit 810078 Комплект гильз на Hyundai Kia,Frenkit,
809005,Frenkit 809005 Комплект гильз,Frenkit,
820001,Frenkit 820001 Комплект гильз на Renault,Frenkit,"Renault - 7701202218
Renault - 7701202987
"
810001,Frenkit 810001 Комплект гильз,Frenkit,"Nissan - 441359C126
Nissan - 441409C100
Renault - 7701207961
Renault - 770203375
"
1 987 470 603,Bosch 1 987 470 603 Ремкомплект переднего суппорта,Bosch,"Audi - 443698647
Audi - 4D0698647
Audi - 8V0698647
BMW - 34111153200
BMW - 34111157041
BMW - 34111158200
Daewoo - 11817100081
Ford - 6087586
Ford - 7201660
Ford - 81AB2L527AA
Ford - 95VW2L527AA
Jaguar - C2C29161
Jaguar - JLM2249
Kia - 0K20A33694
Nissan - 411399F500
Opel - 542880
Opel - 542881
Opel - 90009164
Opel - 90297771
Porsche - 92835194700
Seat - 443698647
Seat - 4D0698647
Seat - 8V0698647
Skoda - 443698647
Skoda - 4D0698647
Skoda - 8V0698647
Volvo - 33425414
"
820004,Frenkit 820004 Комплект гильз,Frenkit,
014 698 0006/S,Meyle 014 698 0006/S Ремкомплект переднего суппорта,Meyle,"Audi - 4D0698647
Daewoo - 11010154072
Fiat - 9404439148
Ford - 6186923
Ford - 6669777
Ford - 7201659
Ford - 88AB2L526AA
Ford - 93BB2L526AA
Ford - 95VW2L526AA
Honda - 45007SAEE01
Jaguar - JLM12124
Jaguar - JLM2194
Kia - 0K20A3325Z
Mazda - 1E0033686
Nissan - 411399F525
Nissan - 411429F525
Opel - 1605658
Opel - 1605747
Opel - 1605905
Peugeot - 443914
Porsche - 92835194900
Toyota - 0495105010
Volvo - 271584
"
410096,Ert 410096 D7-073C Р/к суппорта Lacetti на Chevrolet Daewoo,Ert,"Chevrolet - 93740249
"
ST1114,Trw ST1114 Комплект гильз,Trw,"Fiat - 0009404439188
Fiat - 9945785
Fiat - 9946015
Peugeot - 443917
"
410102,Ert 410102 D7-086C Р/к суппорта,Ert,
810004,Frenkit 810004 Комплект гильз,Frenkit,"Ford - 1371391
Ford - 1522068
Ford - 1S712l527AA
Ford - 6C112L527AA
Ford - C2513244
Peugeot - 443925
Peugeot - 443940
Renault - 7701207158
Renault - 7701208558
Toyota - 0495202220
Toyota - 0495202310
Toyota - 0495209020
"
410242,Ert 410242 D7-147C Р/к суппорта,Ert,"Ford - 1433957
Ford - 6C112L527BB
"
D7003C,Autofren seinsa D7003C Ремонтний комплект,Autofren seinsa,"Audi - 4D0698647
BMW - 34111153200
BMW - 34111157041
BMW - 34111158200
BMW - 34111166233
BMW - 34116768437
BMW - 34116850971
BMW - 34116850972
BMW - 34216850860
BMW - 34412354195
Chevrolet - 15254670
Daewoo - 11817100081
Ford - 1384687
Ford - 1432360
Ford - 1682877
Ford - 1947983
Ford - 2L527
Ford - 5181351
Ford - 5181355
Ford - 5303800
Ford - 5303801
Ford - 6087586
Ford - 6G912B135AB
Ford - 6G912B135AC
Ford - 7201660
Ford - 81AB2L527AA
Ford - DG9C2B294BA
Ford - DG9C2B302BA
Jaguar - C2C27289
Jaguar - C2C27297
Jaguar - JLM2213
Jaguar - JLM2249
Kia - 0K20A33694
Land Rover - LR000567
Nissan - 411399F500
Opel - 542880
Opel - 542881
Opel - 546310
Opel - 546528
Opel - 90009164
Opel - 90297771
Opel - 9195063
Opel - 93179706
Peugeot - 1610762580
Peugeot - 4401R9
Peugeot - 4404G1
Peugeot - 4404G2
Peugeot - 4404J6
Peugeot - 4404K8
Peugeot - 443933
Porsche - 92835194700
Renault - 440016332R
Renault - 7701049101
Seat - 251615219
Seat - 3A0615125
Seat - 3A0615125A
Seat - 3B0615125
Seat - 4A0615125A
Seat - 4B0615125
Skoda - 251615219
Skoda - 3A0615125
Skoda - 3A0615125A
Skoda - 3B0615125
Skoda - 4A0615125A
Skoda - 4B0615125
Toyota - 0495105010
Volvo - 30665017
Volvo - 30666829
Volvo - 3342541
Volvo - 8602902
Volvo - 8603757
"
014 698 0006,Meyle 014 698 0006 Ремкомплект переднего суппорта,Meyle,"Audi - 4D0698647
Daewoo - 11010154072
Fiat - 9404439148
Ford - 6186923
Ford - 6669777
Ford - 7201659
Ford - 88AB2L526AA
Ford - 93BB2L526AA
Ford - 95VW2L526AA
Honda - 45007SAEE01
Jaguar - JLM12124
Jaguar - JLM2194
Kia - 0K20A3325Z
Mazda - 1E0033686
Nissan - 411399F525
Nissan - 411429F525
Opel - 1605658
Opel - 1605747
Opel - 1605905
Peugeot - 443914
Porsche - 92835194900
Toyota - 0495105010
Volvo - 271584
"
812012,Frenkit 812012 Комплект гильз на BMW Volvo,Frenkit,"BMW - 34111157041
BMW - 34116757036
BMW - 34116758707
Volvo - 30665012
"
809004,Frenkit 809004 Комплект гильз на Mazda Mitsubishi,Frenkit,
410084,Ert 410084 Комплект гильз,Ert,
410125,Ert 410125 Комплект гильз,Ert,
410180,Ert 410180 Комплект гильз на Chevrolet Daewoo,Ert,
810045,Frenkit 810045 Комплект гильз,Frenkit,"Chevrolet - 05191272AA
"
810043,Frenkit 810043 Комплект гильз,Frenkit,
808009,Frenkit 808009 Комплект гильз,Frenkit,"Audi - 357615125C
"
410190,Ert 410190 D7-178C Р/к суппорта,Ert,"Nissan - 44011EM11A
Nissan - 44011ZD82A
"
410280,Ert 410280 Р/к суппорта,Ert,"Mitsubishi - MR911816
Opel - 4414024
Opel - 4418027
Opel - 9199256
Opel - 93192062
Renault - 6025370850
Renault - 7701050913
Volvo - 3345669
Volvo - 8251700
Volvo - 8602076
Volvo - 8602077
Volvo - 8602148
"
410098,Ert 410098 Комплект гильз,Ert,
410114,Ert 410114 Комплект гильз на Hyundai Mitsubishi,Ert,
410116,Ert 410116 Комплект гильз,Ert,
